Config,Window,Stride,Channels,Data_Processing,Train_Overall,Train_cloves,Train_cumin,Train_oregano,Test_Overall,Test_cloves,Test_cumin,Test_oregano,Online_Details,Final_Vote_Accuracy,Overfitting_Gap,Abs_Overfitting_Gap
medium_overlap,30,15,"[0, 1, 2, 3, 4, 5, 7, 8, 9, 10, 11]",['highpass_fft_batch'],97.54,100.0,94.52,98.01,85.96,100.0,92.31,62.86,"[cumin.real.9511a582c32f.csv] cloves:47, cumin:81, oregano:0 → cumin (81 / 128) ✅ | [cloves.real.8f94d1b40f0a.csv] cloves:102, cumin:26, oregano:0 → cloves (102 / 128) ✅ | [cumin.real.ce4fed0b0313.csv] cloves:29, cumin:99, oregano:0 → cumin (99 / 128) ✅ | [cumin.24c868eadb47.csv] cloves:0, cumin:39, oregano:0 → cumin (39 / 39) ✅ | [cloves.1b9dd5b1eab8.csv] cloves:39, cumin:0, oregano:0 → cloves (39 / 39) ✅ | [cloves.real.64c1deab910f.csv] cloves:44, cumin:31, oregano:0 → cloves (44 / 75) ✅",0.798,11.58,11.58
long_overlap,60,30,"[0, 1, 2, 3, 4, 5]","['diff_data_like', 'highpass_fft_batch']",78.65,95.08,90.91,50.77,80.77,100.0,100.0,37.5,"[cumin.real.9511a582c32f.csv] cloves:29, cumin:4, oregano:30 → oregano (30 / 63) ❌ | [cloves.real.8f94d1b40f0a.csv] cloves:56, cumin:0, oregano:7 → cloves (56 / 63) ✅ | [cumin.real.ce4fed0b0313.csv] cloves:0, cumin:63, oregano:0 → cumin (63 / 63) ✅ | [cumin.24c868eadb47.csv] cloves:0, cumin:18, oregano:0 → cumin (18 / 18) ✅ | [cloves.1b9dd5b1eab8.csv] cloves:18, cumin:0, oregano:0 → cloves (18 / 18) ✅ | [cloves.real.64c1deab910f.csv] cloves:27, cumin:0, oregano:9 → cloves (27 / 36) ✅",0.694,-2.12,2.12
long_overlap,60,30,"[0, 1, 2, 3, 4, 5, 7, 8, 9, 10, 11]",['highpass_fft_batch'],97.32,100.0,97.22,94.87,89.09,100.0,100.0,64.71,"[cumin.real.9511a582c32f.csv] cloves:46, cumin:17, oregano:0 → cloves (46 / 63) ❌ | [cloves.real.8f94d1b40f0a.csv] cloves:57, cumin:6, oregano:0 → cloves (57 / 63) ✅ | [cumin.real.ce4fed0b0313.csv] cloves:0, cumin:63, oregano:0 → cumin (63 / 63) ✅ | [cumin.24c868eadb47.csv] cloves:0, cumin:19, oregano:0 → cumin (19 / 19) ✅ | [cloves.1b9dd5b1eab8.csv] cloves:19, cumin:0, oregano:0 → cloves (19 / 19) ✅ | [cloves.real.64c1deab910f.csv] cloves:33, cumin:4, oregano:0 → cloves (33 / 37) ✅",0.678,8.23,8.23
no_overlap_long,100,100,"[0, 1, 2, 3, 4, 5]","['standard_scaler', 'highpass_fft_batch']",67.19,100.0,86.36,0.0,70.59,100.0,100.0,0.0,"[cumin.real.9511a582c32f.csv] cloves:13, cumin:6, oregano:0 → cloves (13 / 19) ❌ | [cloves.real.8f94d1b40f0a.csv] cloves:17, cumin:2, oregano:0 → cloves (17 / 19) ✅ | [cumin.real.ce4fed0b0313.csv] cloves:0, cumin:19, oregano:0 → cumin (19 / 19) ✅ | [cumin.24c868eadb47.csv] cloves:0, cumin:6, oregano:0 → cumin (6 / 6) ✅ | [cloves.1b9dd5b1eab8.csv] cloves:6, cumin:0, oregano:0 → cloves (6 / 6) ✅ | [cloves.real.64c1deab910f.csv] cloves:9, cumin:2, oregano:0 → cloves (9 / 11) ✅",0.671,-3.4,3.4
long_overlap,60,30,"[0, 1, 2, 3, 4, 5, 7, 8, 9, 10, 11]","['diff_data_like', 'highpass_fft_batch']",97.4,100.0,97.1,95.24,100.0,100.0,100.0,100.0,"[cumin.real.9511a582c32f.csv] cloves:44, cumin:19, oregano:0 → cloves (44 / 63) ❌ | [cloves.real.8f94d1b40f0a.csv] cloves:63, cumin:0, oregano:0 → cloves (63 / 63) ✅ | [cumin.real.ce4fed0b0313.csv] cloves:16, cumin:47, oregano:0 → cumin (47 / 63) ✅ | [cumin.24c868eadb47.csv] cloves:0, cumin:18, oregano:0 → cumin (18 / 18) ✅ | [cloves.1b9dd5b1eab8.csv] cloves:17, cumin:0, oregano:1 → cloves (17 / 18) ✅ | [cloves.real.64c1deab910f.csv] cloves:35, cumin:1, oregano:0 → cloves (35 / 36) ✅",0.661,-2.6,2.6
no_overlap_long,100,100,"[0, 1, 2, 3, 4, 5]",['highpass_fft_batch'],68.75,100.0,91.67,0.0,76.47,100.0,100.0,20.0,"[cumin.real.9511a582c32f.csv] cloves:11, cumin:8, oregano:0 → cloves (11 / 19) ❌ | [cloves.real.8f94d1b40f0a.csv] cloves:16, cumin:3, oregano:0 → cloves (16 / 19) ✅ | [cumin.real.ce4fed0b0313.csv] cloves:0, cumin:19, oregano:0 → cumin (19 / 19) ✅ | [cumin.24c868eadb47.csv] cloves:0, cumin:6, oregano:0 → cumin (6 / 6) ✅ | [cloves.1b9dd5b1eab8.csv] cloves:5, cumin:1, oregano:0 → cloves (5 / 6) ✅ | [cloves.real.64c1deab910f.csv] cloves:8, cumin:3, oregano:0 → cloves (8 / 11) ✅",0.637,-7.72,7.72
no_overlap_short,20,20,"[0, 1, 2, 3, 4, 5]",['highpass_fft_batch'],98.86,100.0,98.39,98.18,93.1,96.67,93.33,88.89,"[cumin.real.9511a582c32f.csv] cloves:13, cumin:37, oregano:47 → oregano (47 / 97) ❌ | [cloves.real.8f94d1b40f0a.csv] cloves:59, cumin:22, oregano:16 → cloves (59 / 97) ✅ | [cumin.real.ce4fed0b0313.csv] cloves:29, cumin:68, oregano:0 → cumin (68 / 97) ✅ | [cumin.24c868eadb47.csv] cloves:0, cumin:30, oregano:0 → cumin (30 / 30) ✅ | [cloves.1b9dd5b1eab8.csv] cloves:25, cumin:2, oregano:3 → cloves (25 / 30) ✅ | [cloves.real.64c1deab910f.csv] cloves:29, cumin:26, oregano:2 → cloves (29 / 57) ✅",0.528,5.76,5.76
no_overlap_short,20,20,"[0, 1, 2, 3, 4, 5]",['diff_data_like'],96.56,99.06,98.25,92.0,86.75,93.1,92.86,73.08,"[cumin.real.9511a582c32f.csv] cloves:29, cumin:67, oregano:0 → cumin (67 / 96) ✅ | [cloves.real.8f94d1b40f0a.csv] cloves:50, cumin:41, oregano:5 → cloves (50 / 96) ✅ | [cumin.real.ce4fed0b0313.csv] cloves:36, cumin:59, oregano:1 → cumin (59 / 96) ✅ | [cumin.24c868eadb47.csv] cloves:0, cumin:28, oregano:1 → cumin (28 / 29) ✅ | [cloves.1b9dd5b1eab8.csv] cloves:19, cumin:0, oregano:10 → cloves (19 / 29) ✅ | [cloves.real.64c1deab910f.csv] cloves:13, cumin:42, oregano:1 → cumin (42 / 56) ❌",0.451,9.81,9.81
no_overlap_long,100,100,"[0, 1, 2, 3, 4, 5]",['diff_data_like'],65.62,90.91,66.67,33.33,86.67,80.0,80.0,100.0,"[cumin.real.9511a582c32f.csv] cloves:15, cumin:4, oregano:0 → cloves (15 / 19) ❌ | [cloves.real.8f94d1b40f0a.csv] cloves:13, cumin:6, oregano:0 → cloves (13 / 19) ✅ | [cumin.real.ce4fed0b0313.csv] cloves:0, cumin:11, oregano:8 → cumin (11 / 19) ✅ | [cumin.24c868eadb47.csv] cloves:1, cumin:3, oregano:1 → cumin (3 / 5) ✅ | [cloves.1b9dd5b1eab8.csv] cloves:3, cumin:0, oregano:2 → cloves (3 / 5) ✅ | [cloves.real.64c1deab910f.csv] cloves:11, cumin:0, oregano:0 → cloves (11 / 11) ✅",0.446,-21.05,21.05
short_overlap,10,5,"[0, 1, 2, 3, 4, 5, 7, 8, 9, 10, 11]","['standard_scaler', 'highpass_fft_batch']",99.72,99.38,99.8,100.0,89.43,91.8,94.96,80.73,"[cumin.real.9511a582c32f.csv] cloves:153, cumin:218, oregano:17 → cumin (218 / 388) ✅ | [cloves.real.8f94d1b40f0a.csv] cloves:209, cumin:165, oregano:14 → cloves (209 / 388) ✅ | [cumin.real.ce4fed0b0313.csv] cloves:204, cumin:184, oregano:0 → cloves (204 / 388) ❌ | [cumin.24c868eadb47.csv] cloves:0, cumin:109, oregano:11 → cumin (109 / 120) ✅ | [cloves.1b9dd5b1eab8.csv] cloves:72, cumin:38, oregano:10 → cloves (72 / 120) ✅ | [cloves.real.64c1deab910f.csv] cloves:118, cumin:106, oregano:5 → cloves (118 / 229) ✅",0.433,10.29,10.29
medium_overlap,30,15,"[0, 1, 2, 3, 4, 5]","['standard_scaler', 'diff_data_like']",99.11,100.0,98.71,98.56,84.4,97.37,100.0,52.94,"[cumin.real.9511a582c32f.csv] cloves:46, cumin:81, oregano:0 → cumin (81 / 127) ✅ | [cloves.real.8f94d1b40f0a.csv] cloves:81, cumin:45, oregano:1 → cloves (81 / 127) ✅ | [cumin.real.ce4fed0b0313.csv] cloves:127, cumin:0, oregano:0 → cloves (127 / 127) ❌ | [cumin.24c868eadb47.csv] cloves:0, cumin:37, oregano:0 → cumin (37 / 37) ✅ | [cloves.1b9dd5b1eab8.csv] cloves:22, cumin:0, oregano:15 → cloves (22 / 37) ✅ | [cloves.real.64c1deab910f.csv] cloves:41, cumin:33, oregano:0 → cloves (41 / 74) ✅",0.404,14.71,14.71
no_overlap_short,20,20,"[0, 1, 2, 3, 4, 5, 7, 8, 9, 10, 11]",['highpass_fft_batch'],98.86,100.0,98.37,98.21,90.8,93.33,96.67,81.48,"[cumin.real.9511a582c32f.csv] cloves:3, cumin:94, oregano:0 → cumin (94 / 97) ✅ | [cloves.real.8f94d1b40f0a.csv] cloves:22, cumin:75, oregano:0 → cumin (75 / 97) ❌ | [cumin.real.ce4fed0b0313.csv] cloves:9, cumin:88, oregano:0 → cumin (88 / 97) ✅ | [cumin.24c868eadb47.csv] cloves:0, cumin:30, oregano:0 → cumin (30 / 30) ✅ | [cloves.1b9dd5b1eab8.csv] cloves:30, cumin:0, oregano:0 → cloves (30 / 30) ✅ | [cloves.real.64c1deab910f.csv] cloves:5, cumin:52, oregano:0 → cumin (52 / 57) ❌",0.365,8.06,8.06
short_overlap,10,5,"[0, 1, 2, 3, 4, 5, 7, 8, 9, 10, 11]","['diff_data_like', 'highpass_fft_batch']",98.11,99.78,97.85,96.66,94.63,90.6,100.0,93.27,"[cumin.real.9511a582c32f.csv] cloves:271, cumin:97, oregano:15 → cloves (271 / 383) ❌ | [cloves.real.8f94d1b40f0a.csv] cloves:322, cumin:57, oregano:4 → cloves (322 / 383) ✅ | [cumin.real.ce4fed0b0313.csv] cloves:243, cumin:140, oregano:0 → cloves (243 / 383) ❌ | [cumin.24c868eadb47.csv] cloves:0, cumin:110, oregano:5 → cumin (110 / 115) ✅ | [cloves.1b9dd5b1eab8.csv] cloves:101, cumin:12, oregano:2 → cloves (101 / 115) ✅ | [cloves.real.64c1deab910f.csv] cloves:170, cumin:49, oregano:5 → cloves (170 / 224) ✅",0.349,3.48,3.48
long_overlap,60,30,"[0, 1, 2, 3, 4, 5]",['highpass_fft_batch'],94.64,100.0,93.06,91.03,78.18,89.47,100.0,41.18,"[cumin.real.9511a582c32f.csv] cloves:0, cumin:42, oregano:21 → cumin (42 / 63) ✅ | [cloves.real.8f94d1b40f0a.csv] cloves:11, cumin:16, oregano:36 → oregano (36 / 63) ❌ | [cumin.real.ce4fed0b0313.csv] cloves:17, cumin:46, oregano:0 → cumin (46 / 63) ✅ | [cumin.24c868eadb47.csv] cloves:0, cumin:19, oregano:0 → cumin (19 / 19) ✅ | [cloves.1b9dd5b1eab8.csv] cloves:15, cumin:2, oregano:2 → cloves (15 / 19) ✅ | [cloves.real.64c1deab910f.csv] cloves:0, cumin:17, oregano:20 → oregano (20 / 37) ❌",0.346,16.46,16.46
long_overlap,60,30,"[0, 1, 2, 3, 4, 5, 7, 8, 9, 10, 11]","['standard_scaler', 'highpass_fft_batch']",100.0,100.0,100.0,100.0,96.36,100.0,100.0,88.24,"[cumin.real.9511a582c32f.csv] cloves:52, cumin:11, oregano:0 → cloves (52 / 63) ❌ | [cloves.real.8f94d1b40f0a.csv] cloves:60, cumin:3, oregano:0 → cloves (60 / 63) ✅ | [cumin.real.ce4fed0b0313.csv] cloves:63, cumin:0, oregano:0 → cloves (63 / 63) ❌ | [cumin.24c868eadb47.csv] cloves:0, cumin:19, oregano:0 → cumin (19 / 19) ✅ | [cloves.1b9dd5b1eab8.csv] cloves:17, cumin:2, oregano:0 → cloves (17 / 19) ✅ | [cloves.real.64c1deab910f.csv] cloves:36, cumin:1, oregano:0 → cloves (36 / 37) ✅",0.332,3.64,3.64
short_overlap,10,5,"[0, 1, 2, 3, 4, 5]","['standard_scaler', 'highpass_fft_batch']",93.68,93.18,96.97,90.67,80.57,82.79,94.96,62.39,"[cumin.real.9511a582c32f.csv] cloves:54, cumin:190, oregano:144 → cumin (190 / 388) ✅ | [cloves.real.8f94d1b40f0a.csv] cloves:120, cumin:127, oregano:141 → oregano (141 / 388) ❌ | [cumin.real.ce4fed0b0313.csv] cloves:0, cumin:344, oregano:44 → cumin (344 / 388) ✅ | [cumin.24c868eadb47.csv] cloves:0, cumin:115, oregano:5 → cumin (115 / 120) ✅ | [cloves.1b9dd5b1eab8.csv] cloves:52, cumin:23, oregano:45 → cloves (52 / 120) ✅ | [cloves.real.64c1deab910f.csv] cloves:37, cumin:99, oregano:93 → cumin (99 / 229) ❌",0.329,13.11,13.11
no_overlap_short,20,20,"[0, 1, 2, 3, 4, 5, 7, 8, 9, 10, 11]","['diff_data_like', 'highpass_fft_batch']",97.5,100.0,96.46,96.12,87.95,89.66,92.86,80.77,"[cumin.real.9511a582c32f.csv] cloves:79, cumin:15, oregano:2 → cloves (79 / 96) ❌ | [cloves.real.8f94d1b40f0a.csv] cloves:93, cumin:3, oregano:0 → cloves (93 / 96) ✅ | [cumin.real.ce4fed0b0313.csv] cloves:96, cumin:0, oregano:0 → cloves (96 / 96) ❌ | [cumin.24c868eadb47.csv] cloves:0, cumin:27, oregano:2 → cumin (27 / 29) ✅ | [cloves.1b9dd5b1eab8.csv] cloves:27, cumin:0, oregano:2 → cloves (27 / 29) ✅ | [cloves.real.64c1deab910f.csv] cloves:51, cumin:5, oregano:0 → cloves (51 / 56) ✅",0.32,9.55,9.55
long_overlap,60,30,"[0, 1, 2, 3, 4, 5, 7, 8, 9, 10, 11]","['standard_scaler', 'diff_data_like']",93.75,94.83,86.96,100.0,98.08,100.0,94.44,100.0,"[cumin.real.9511a582c32f.csv] cloves:20, cumin:41, oregano:2 → cumin (41 / 63) ✅ | [cloves.real.8f94d1b40f0a.csv] cloves:14, cumin:41, oregano:8 → cumin (41 / 63) ❌ | [cumin.real.ce4fed0b0313.csv] cloves:9, cumin:54, oregano:0 → cumin (54 / 63) ✅ | [cumin.24c868eadb47.csv] cloves:1, cumin:16, oregano:1 → cumin (16 / 18) ✅ | [cloves.1b9dd5b1eab8.csv] cloves:17, cumin:1, oregano:0 → cloves (17 / 18) ✅ | [cloves.real.64c1deab910f.csv] cloves:7, cumin:29, oregano:0 → cumin (29 / 36) ❌",0.314,-4.33,4.33
medium_overlap,30,15,"[0, 1, 2, 3, 4, 5, 7, 8, 9, 10, 11]",['diff_data_like'],99.11,99.35,98.71,99.28,91.74,100.0,100.0,73.53,"[cumin.real.9511a582c32f.csv] cloves:35, cumin:92, oregano:0 → cumin (92 / 127) ✅ | [cloves.real.8f94d1b40f0a.csv] cloves:47, cumin:80, oregano:0 → cumin (80 / 127) ❌ | [cumin.real.ce4fed0b0313.csv] cloves:26, cumin:101, oregano:0 → cumin (101 / 127) ✅ | [cumin.24c868eadb47.csv] cloves:0, cumin:35, oregano:2 → cumin (35 / 37) ✅ | [cloves.1b9dd5b1eab8.csv] cloves:33, cumin:4, oregano:0 → cloves (33 / 37) ✅ | [cloves.real.64c1deab910f.csv] cloves:11, cumin:63, oregano:0 → cumin (63 / 74) ❌",0.313,7.37,7.37
no_overlap_short,20,20,"[0, 1, 2, 3, 4, 5, 7, 8, 9, 10, 11]",['diff_data_like'],90.31,96.15,84.21,91.18,97.59,100.0,92.86,100.0,"[cumin.real.9511a582c32f.csv] cloves:9, cumin:87, oregano:0 → cumin (87 / 96) ✅ | [cloves.real.8f94d1b40f0a.csv] cloves:29, cumin:67, oregano:0 → cumin (67 / 96) ❌ | [cumin.real.ce4fed0b0313.csv] cloves:1, cumin:95, oregano:0 → cumin (95 / 96) ✅ | [cumin.24c868eadb47.csv] cloves:1, cumin:26, oregano:2 → cumin (26 / 29) ✅ | [cloves.1b9dd5b1eab8.csv] cloves:19, cumin:10, oregano:0 → cloves (19 / 29) ✅ | [cloves.real.64c1deab910f.csv] cloves:7, cumin:49, oregano:0 → cumin (49 / 56) ❌",0.312,-7.28,7.28
no_overlap_long,100,100,"[0, 1, 2, 3, 4, 5, 7, 8, 9, 10, 11]","['standard_scaler', 'diff_data_like']",84.38,88.89,71.43,100.0,100.0,100.0,100.0,100.0,"[cumin.real.9511a582c32f.csv] cloves:10, cumin:9, oregano:0 → cloves (10 / 19) ❌ | [cloves.real.8f94d1b40f0a.csv] cloves:15, cumin:4, oregano:0 → cloves (15 / 19) ✅ | [cumin.real.ce4fed0b0313.csv] cloves:5, cumin:14, oregano:0 → cumin (14 / 19) ✅ | [cumin.24c868eadb47.csv] cloves:0, cumin:4, oregano:1 → cumin (4 / 5) ✅ | [cloves.1b9dd5b1eab8.csv] cloves:4, cumin:1, oregano:0 → cloves (4 / 5) ✅ | [cloves.real.64c1deab910f.csv] cloves:3, cumin:8, oregano:0 → cumin (8 / 11) ❌",0.312,-15.62,15.62
short_overlap,10,5,"[0, 1, 2, 3, 4, 5]",['highpass_fft_batch'],97.08,96.07,97.17,98.05,81.43,85.25,94.12,63.3,"[cumin.real.9511a582c32f.csv] cloves:46, cumin:203, oregano:139 → cumin (203 / 388) ✅ | [cloves.real.8f94d1b40f0a.csv] cloves:110, cumin:129, oregano:149 → oregano (149 / 388) ❌ | [cumin.real.ce4fed0b0313.csv] cloves:67, cumin:321, oregano:0 → cumin (321 / 388) ✅ | [cumin.24c868eadb47.csv] cloves:0, cumin:119, oregano:1 → cumin (119 / 120) ✅ | [cloves.1b9dd5b1eab8.csv] cloves:48, cumin:25, oregano:47 → cloves (48 / 120) ✅ | [cloves.real.64c1deab910f.csv] cloves:21, cumin:115, oregano:93 → cumin (115 / 229) ❌",0.309,15.65,15.65
long_overlap,60,30,"[0, 1, 2, 3, 4, 5]",['diff_data_like'],87.5,84.21,89.71,88.06,92.31,83.33,94.44,100.0,"[cumin.real.9511a582c32f.csv] cloves:0, cumin:63, oregano:0 → cumin (63 / 63) ✅ | [cloves.real.8f94d1b40f0a.csv] cloves:18, cumin:43, oregano:2 → cumin (43 / 63) ❌ | [cumin.real.ce4fed0b0313.csv] cloves:0, cumin:62, oregano:1 → cumin (62 / 63) ✅ | [cumin.24c868eadb47.csv] cloves:1, cumin:15, oregano:2 → cumin (15 / 18) ✅ | [cloves.1b9dd5b1eab8.csv] cloves:10, cumin:5, oregano:3 → cloves (10 / 18) ✅ | [cloves.real.64c1deab910f.csv] cloves:5, cumin:31, oregano:0 → cumin (31 / 36) ❌",0.305,-4.81,4.81
no_overlap_long,100,100,"[0, 1, 2, 3, 4, 5, 7, 8, 9, 10, 11]",['highpass_fft_batch'],65.62,90.0,92.31,0.0,70.59,100.0,100.0,0.0,"[cumin.real.9511a582c32f.csv] cloves:0, cumin:19, oregano:0 → cumin (19 / 19) ✅ | [cloves.real.8f94d1b40f0a.csv] cloves:1, cumin:18, oregano:0 → cumin (18 / 19) ❌ | [cumin.real.ce4fed0b0313.csv] cloves:0, cumin:19, oregano:0 → cumin (19 / 19) ✅ | [cumin.24c868eadb47.csv] cloves:0, cumin:6, oregano:0 → cumin (6 / 6) ✅ | [cloves.1b9dd5b1eab8.csv] cloves:4, cumin:2, oregano:0 → cloves (4 / 6) ✅ | [cloves.real.64c1deab910f.csv] cloves:0, cumin:11, oregano:0 → cumin (11 / 11) ❌",0.287,-4.97,4.97
long_overlap,60,30,"[0, 1, 2, 3, 4, 5]","['standard_scaler', 'diff_data_like', 'highpass_fft_batch']",79.69,94.64,88.41,58.21,76.92,100.0,100.0,25.0,"[cumin.real.9511a582c32f.csv] cloves:34, cumin:5, oregano:24 → cloves (34 / 63) ❌ | [cloves.real.8f94d1b40f0a.csv] cloves:41, cumin:0, oregano:22 → cloves (41 / 63) ✅ | [cumin.real.ce4fed0b0313.csv] cloves:29, cumin:34, oregano:0 → cumin (34 / 63) ✅ | [cumin.24c868eadb47.csv] cloves:0, cumin:18, oregano:0 → cumin (18 / 18) ✅ | [cloves.1b9dd5b1eab8.csv] cloves:16, cumin:0, oregano:2 → cloves (16 / 18) ✅ | [cloves.real.64c1deab910f.csv] cloves:6, cumin:0, oregano:30 → oregano (30 / 36) ❌",0.284,2.77,2.77
short_overlap,10,5,"[0, 1, 2, 3, 4, 5, 7, 8, 9, 10, 11]",['diff_data_like'],99.85,100.0,99.78,99.78,85.37,99.15,98.25,55.77,"[cumin.real.9511a582c32f.csv] cloves:96, cumin:285, oregano:2 → cumin (285 / 383) ✅ | [cloves.real.8f94d1b40f0a.csv] cloves:173, cumin:203, oregano:7 → cumin (203 / 383) ❌ | [cumin.real.ce4fed0b0313.csv] cloves:173, cumin:210, oregano:0 → cumin (210 / 383) ✅ | [cumin.24c868eadb47.csv] cloves:2, cumin:111, oregano:2 → cumin (111 / 115) ✅ | [cloves.1b9dd5b1eab8.csv] cloves:79, cumin:21, oregano:15 → cloves (79 / 115) ✅ | [cloves.real.64c1deab910f.csv] cloves:48, cumin:175, oregano:1 → cumin (175 / 224) ❌",0.272,14.48,14.48
no_overlap_short,20,20,"[0, 1, 2, 3, 4, 5]","['diff_data_like', 'highpass_fft_batch']",91.56,97.09,94.74,82.52,89.16,100.0,96.43,69.23,"[cumin.real.9511a582c32f.csv] cloves:73, cumin:2, oregano:21 → cloves (73 / 96) ❌ | [cloves.real.8f94d1b40f0a.csv] cloves:89, cumin:1, oregano:6 → cloves (89 / 96) ✅ | [cumin.real.ce4fed0b0313.csv] cloves:96, cumin:0, oregano:0 → cloves (96 / 96) ❌ | [cumin.24c868eadb47.csv] cloves:0, cumin:28, oregano:1 → cumin (28 / 29) ✅ | [cloves.1b9dd5b1eab8.csv] cloves:23, cumin:0, oregano:6 → cloves (23 / 29) ✅ | [cloves.real.64c1deab910f.csv] cloves:39, cumin:0, oregano:17 → cloves (39 / 56) ✅",0.27,2.4,2.4
short_overlap,10,5,"[0, 1, 2, 3, 4, 5]",['diff_data_like'],97.6,99.35,95.68,97.77,81.19,93.16,92.98,54.81,"[cumin.real.9511a582c32f.csv] cloves:64, cumin:310, oregano:9 → cumin (310 / 383) ✅ | [cloves.real.8f94d1b40f0a.csv] cloves:139, cumin:225, oregano:19 → cumin (225 / 383) ❌ | [cumin.real.ce4fed0b0313.csv] cloves:86, cumin:292, oregano:5 → cumin (292 / 383) ✅ | [cumin.24c868eadb47.csv] cloves:1, cumin:109, oregano:5 → cumin (109 / 115) ✅ | [cloves.1b9dd5b1eab8.csv] cloves:53, cumin:22, oregano:40 → cloves (53 / 115) ✅ | [cloves.real.64c1deab910f.csv] cloves:38, cumin:185, oregano:1 → cumin (185 / 224) ❌",0.261,16.41,16.41
medium_overlap,30,15,"[0, 1, 2, 3, 4, 5]",['diff_data_like'],99.11,99.35,98.71,99.28,93.58,89.47,100.0,91.18,"[cumin.real.9511a582c32f.csv] cloves:24, cumin:99, oregano:4 → cumin (99 / 127) ✅ | [cloves.real.8f94d1b40f0a.csv] cloves:31, cumin:82, oregano:14 → cumin (82 / 127) ❌ | [cumin.real.ce4fed0b0313.csv] cloves:34, cumin:93, oregano:0 → cumin (93 / 127) ✅ | [cumin.24c868eadb47.csv] cloves:0, cumin:36, oregano:1 → cumin (36 / 37) ✅ | [cloves.1b9dd5b1eab8.csv] cloves:22, cumin:0, oregano:15 → cloves (22 / 37) ✅ | [cloves.real.64c1deab910f.csv] cloves:6, cumin:68, oregano:0 → cumin (68 / 74) ❌",0.252,5.53,5.53
medium_overlap,30,15,"[0, 1, 2, 3, 4, 5, 7, 8, 9, 10, 11]","['standard_scaler', 'diff_data_like']",100.0,100.0,100.0,100.0,92.66,100.0,100.0,76.47,"[cumin.real.9511a582c32f.csv] cloves:55, cumin:72, oregano:0 → cumin (72 / 127) ✅ | [cloves.real.8f94d1b40f0a.csv] cloves:85, cumin:42, oregano:0 → cloves (85 / 127) ✅ | [cumin.real.ce4fed0b0313.csv] cloves:114, cumin:13, oregano:0 → cloves (114 / 127) ❌ | [cumin.24c868eadb47.csv] cloves:0, cumin:35, oregano:2 → cumin (35 / 37) ✅ | [cloves.1b9dd5b1eab8.csv] cloves:32, cumin:5, oregano:0 → cloves (32 / 37) ✅ | [cloves.real.64c1deab910f.csv] cloves:22, cumin:52, oregano:0 → cumin (52 / 74) ❌",0.241,7.34,7.34
short_overlap,10,5,"[0, 1, 2, 3, 4, 5, 7, 8, 9, 10, 11]","['standard_scaler', 'diff_data_like', 'highpass_fft_batch']",99.35,99.78,98.29,100.0,94.03,86.32,96.49,100.0,"[cumin.real.9511a582c32f.csv] cloves:52, cumin:239, oregano:92 → cumin (239 / 383) ✅ | [cloves.real.8f94d1b40f0a.csv] cloves:109, cumin:199, oregano:75 → cumin (199 / 383) ❌ | [cumin.real.ce4fed0b0313.csv] cloves:372, cumin:0, oregano:11 → cloves (372 / 383) ❌ | [cumin.24c868eadb47.csv] cloves:0, cumin:109, oregano:6 → cumin (109 / 115) ✅ | [cloves.1b9dd5b1eab8.csv] cloves:94, cumin:16, oregano:5 → cloves (94 / 115) ✅ | [cloves.real.64c1deab910f.csv] cloves:105, cumin:91, oregano:28 → cloves (105 / 224) ✅",0.228,5.32,5.32
no_overlap_short,20,20,"[0, 1, 2, 3, 4, 5]","['standard_scaler', 'diff_data_like', 'highpass_fft_batch']",88.44,99.06,91.89,73.79,87.95,100.0,96.43,65.38,"[cumin.real.9511a582c32f.csv] cloves:88, cumin:7, oregano:1 → cloves (88 / 96) ❌ | [cloves.real.8f94d1b40f0a.csv] cloves:91, cumin:1, oregano:4 → cloves (91 / 96) ✅ | [cumin.real.ce4fed0b0313.csv] cloves:96, cumin:0, oregano:0 → cloves (96 / 96) ❌ | [cumin.24c868eadb47.csv] cloves:0, cumin:29, oregano:0 → cumin (29 / 29) ✅ | [cloves.1b9dd5b1eab8.csv] cloves:17, cumin:0, oregano:12 → cloves (17 / 29) ✅ | [cloves.real.64c1deab910f.csv] cloves:31, cumin:5, oregano:20 → cloves (31 / 56) ✅",0.195,0.49,0.49
short_overlap,10,5,"[0, 1, 2, 3, 4, 5]","['standard_scaler', 'diff_data_like', 'highpass_fft_batch']",88.74,93.3,92.44,80.22,84.78,83.76,96.49,73.08,"[cumin.real.9511a582c32f.csv] cloves:209, cumin:131, oregano:43 → cloves (209 / 383) ❌ | [cloves.real.8f94d1b40f0a.csv] cloves:239, cumin:100, oregano:44 → cloves (239 / 383) ✅ | [cumin.real.ce4fed0b0313.csv] cloves:1, cumin:382, oregano:0 → cumin (382 / 383) ✅ | [cumin.24c868eadb47.csv] cloves:0, cumin:112, oregano:3 → cumin (112 / 115) ✅ | [cloves.1b9dd5b1eab8.csv] cloves:49, cumin:7, oregano:59 → oregano (59 / 115) ❌ | [cloves.real.64c1deab910f.csv] cloves:31, cumin:110, oregano:83 → cumin (110 / 224) ❌",0.174,3.96,3.96
medium_overlap,30,15,"[0, 1, 2, 3, 4, 5]","['standard_scaler', 'highpass_fft_batch']",93.97,97.96,97.96,86.36,78.95,95.0,97.44,40.0,"[cumin.real.9511a582c32f.csv] cloves:5, cumin:88, oregano:35 → cumin (88 / 128) ✅ | [cloves.real.8f94d1b40f0a.csv] cloves:52, cumin:42, oregano:34 → cloves (52 / 128) ✅ | [cumin.real.ce4fed0b0313.csv] cloves:128, cumin:0, oregano:0 → cloves (128 / 128) ❌ | [cumin.24c868eadb47.csv] cloves:0, cumin:39, oregano:0 → cumin (39 / 39) ✅ | [cloves.1b9dd5b1eab8.csv] cloves:23, cumin:2, oregano:14 → cloves (23 / 39) ✅ | [cloves.real.64c1deab910f.csv] cloves:2, cumin:49, oregano:24 → cumin (49 / 75) ❌",0.172,15.02,15.02
no_overlap_short,20,20,"[0, 1, 2, 3, 4, 5]","['standard_scaler', 'diff_data_like']",98.12,97.2,99.11,98.02,78.31,89.66,96.43,46.15,"[cumin.real.9511a582c32f.csv] cloves:33, cumin:63, oregano:0 → cumin (63 / 96) ✅ | [cloves.real.8f94d1b40f0a.csv] cloves:51, cumin:44, oregano:1 → cloves (51 / 96) ✅ | [cumin.real.ce4fed0b0313.csv] cloves:96, cumin:0, oregano:0 → cloves (96 / 96) ❌ | [cumin.24c868eadb47.csv] cloves:0, cumin:29, oregano:0 → cumin (29 / 29) ✅ | [cloves.1b9dd5b1eab8.csv] cloves:16, cumin:0, oregano:13 → cloves (16 / 29) ✅ | [cloves.real.64c1deab910f.csv] cloves:9, cumin:46, oregano:1 → cumin (46 / 56) ❌",0.153,19.81,19.81
short_overlap,10,5,"[0, 1, 2, 3, 4, 5]","['diff_data_like', 'highpass_fft_batch']",83.58,97.84,79.61,72.99,87.16,91.45,92.11,76.92,"[cumin.real.9511a582c32f.csv] cloves:255, cumin:65, oregano:63 → cloves (255 / 383) ❌ | [cloves.real.8f94d1b40f0a.csv] cloves:311, cumin:34, oregano:38 → cloves (311 / 383) ✅ | [cumin.real.ce4fed0b0313.csv] cloves:205, cumin:178, oregano:0 → cloves (205 / 383) ❌ | [cumin.24c868eadb47.csv] cloves:0, cumin:108, oregano:7 → cumin (108 / 115) ✅ | [cloves.1b9dd5b1eab8.csv] cloves:75, cumin:1, oregano:39 → cloves (75 / 115) ✅ | [cloves.real.64c1deab910f.csv] cloves:67, cumin:42, oregano:115 → oregano (115 / 224) ❌",0.115,-3.58,3.58
no_overlap_long,100,100,"[0, 1, 2, 3, 4, 5, 7, 8, 9, 10, 11]",['diff_data_like'],68.75,81.82,75.0,44.44,93.33,80.0,100.0,100.0,"[cumin.real.9511a582c32f.csv] cloves:0, cumin:19, oregano:0 → cumin (19 / 19) ✅ | [cloves.real.8f94d1b40f0a.csv] cloves:2, cumin:17, oregano:0 → cumin (17 / 19) ❌ | [cumin.real.ce4fed0b0313.csv] cloves:0, cumin:19, oregano:0 → cumin (19 / 19) ✅ | [cumin.24c868eadb47.csv] cloves:0, cumin:5, oregano:0 → cumin (5 / 5) ✅ | [cloves.1b9dd5b1eab8.csv] cloves:2, cumin:3, oregano:0 → cumin (3 / 5) ❌ | [cloves.real.64c1deab910f.csv] cloves:0, cumin:11, oregano:0 → cumin (11 / 11) ❌",0.084,-24.58,24.58
medium_overlap,30,15,"[0, 1, 2, 3, 4, 5]",['standard_scaler'],97.32,100.0,91.95,100.0,67.54,100.0,10.26,94.29,"[cumin.real.9511a582c32f.csv] cloves:128, cumin:0, oregano:0 → cloves (128 / 128) ❌ | [cloves.real.8f94d1b40f0a.csv] cloves:128, cumin:0, oregano:0 → cloves (128 / 128) ✅ | [cumin.real.ce4fed0b0313.csv] cloves:76, cumin:0, oregano:52 → cloves (76 / 128) ❌ | [cumin.24c868eadb47.csv] cloves:39, cumin:0, oregano:0 → cloves (39 / 39) ❌ | [cloves.1b9dd5b1eab8.csv] cloves:39, cumin:0, oregano:0 → cloves (39 / 39) ✅ | [cloves.real.64c1deab910f.csv] cloves:75, cumin:0, oregano:0 → cloves (75 / 75) ✅",0.068,29.78,29.78
no_overlap_short,20,20,"[0, 1, 2, 3, 4, 5]",['standard_scaler'],96.02,97.5,91.06,100.0,68.97,96.67,13.33,100.0,"[cumin.real.9511a582c32f.csv] cloves:97, cumin:0, oregano:0 → cloves (97 / 97) ❌ | [cloves.real.8f94d1b40f0a.csv] cloves:97, cumin:0, oregano:0 → cloves (97 / 97) ✅ | [cumin.real.ce4fed0b0313.csv] cloves:58, cumin:1, oregano:38 → cloves (58 / 97) ❌ | [cumin.24c868eadb47.csv] cloves:30, cumin:0, oregano:0 → cloves (30 / 30) ❌ | [cloves.1b9dd5b1eab8.csv] cloves:30, cumin:0, oregano:0 → cloves (30 / 30) ✅ | [cloves.real.64c1deab910f.csv] cloves:57, cumin:0, oregano:0 → cloves (57 / 57) ✅",0.067,27.05,27.05
short_overlap,10,5,"[0, 1, 2, 3, 4, 5, 7, 8, 9, 10, 11]",['highpass_fft_batch'],99.24,100.0,100.0,97.62,87.14,97.54,96.64,65.14,"[cumin.real.9511a582c32f.csv] cloves:117, cumin:271, oregano:0 → cumin (271 / 388) ✅ | [cloves.real.8f94d1b40f0a.csv] cloves:191, cumin:197, oregano:0 → cumin (197 / 388) ❌ | [cumin.real.ce4fed0b0313.csv] cloves:341, cumin:47, oregano:0 → cloves (341 / 388) ❌ | [cumin.24c868eadb47.csv] cloves:0, cumin:119, oregano:1 → cumin (119 / 120) ✅ | [cloves.1b9dd5b1eab8.csv] cloves:94, cumin:21, oregano:5 → cloves (94 / 120) ✅ | [cloves.real.64c1deab910f.csv] cloves:69, cumin:160, oregano:0 → cumin (160 / 229) ❌",0.065,12.1,12.1
medium_overlap,30,15,"[0, 1, 2, 3, 4, 5]","['diff_data_like', 'highpass_fft_batch']",95.54,98.7,93.55,94.24,96.33,100.0,97.3,91.18,"[cumin.real.9511a582c32f.csv] cloves:89, cumin:7, oregano:31 → cloves (89 / 127) ❌ | [cloves.real.8f94d1b40f0a.csv] cloves:119, cumin:2, oregano:6 → cloves (119 / 127) ✅ | [cumin.real.ce4fed0b0313.csv] cloves:127, cumin:0, oregano:0 → cloves (127 / 127) ❌ | [cumin.24c868eadb47.csv] cloves:0, cumin:37, oregano:0 → cumin (37 / 37) ✅ | [cloves.1b9dd5b1eab8.csv] cloves:26, cumin:1, oregano:10 → cloves (26 / 37) ✅ | [cloves.real.64c1deab910f.csv] cloves:20, cumin:12, oregano:42 → oregano (42 / 74) ❌",0.062,-0.79,0.79
short_overlap,10,5,"[0, 1, 2, 3, 4, 5]",['standard_scaler'],99.65,100.0,100.0,98.91,69.43,100.0,10.92,99.08,"[cumin.real.9511a582c32f.csv] cloves:386, cumin:2, oregano:0 → cloves (386 / 388) ❌ | [cloves.real.8f94d1b40f0a.csv] cloves:388, cumin:0, oregano:0 → cloves (388 / 388) ✅ | [cumin.real.ce4fed0b0313.csv] cloves:249, cumin:0, oregano:139 → cloves (249 / 388) ❌ | [cumin.24c868eadb47.csv] cloves:120, cumin:0, oregano:0 → cloves (120 / 120) ❌ | [cloves.1b9dd5b1eab8.csv] cloves:120, cumin:0, oregano:0 → cloves (120 / 120) ✅ | [cloves.real.64c1deab910f.csv] cloves:229, cumin:0, oregano:0 → cloves (229 / 229) ✅",0.061,30.22,30.22
short_overlap,10,5,"[0, 1, 2, 3, 4, 5, 7, 8, 9, 10, 11]","['standard_scaler', 'diff_data_like']",99.64,100.0,99.35,99.56,79.4,96.58,99.12,38.46,"[cumin.real.9511a582c32f.csv] cloves:109, cumin:265, oregano:9 → cumin (265 / 383) ✅ | [cloves.real.8f94d1b40f0a.csv] cloves:125, cumin:229, oregano:29 → cumin (229 / 383) ❌ | [cumin.real.ce4fed0b0313.csv] cloves:290, cumin:93, oregano:0 → cloves (290 / 383) ❌ | [cumin.24c868eadb47.csv] cloves:1, cumin:114, oregano:0 → cumin (114 / 115) ✅ | [cloves.1b9dd5b1eab8.csv] cloves:95, cumin:19, oregano:1 → cloves (95 / 115) ✅ | [cloves.real.64c1deab910f.csv] cloves:34, cumin:188, oregano:2 → cumin (188 / 224) ❌",0.052,20.24,20.24
long_overlap,60,30,"[0, 1, 2, 3, 4, 5, 7, 8, 9, 10, 11]",['diff_data_like'],100.0,100.0,100.0,100.0,100.0,100.0,100.0,100.0,"[cumin.real.9511a582c32f.csv] cloves:5, cumin:58, oregano:0 → cumin (58 / 63) ✅ | [cloves.real.8f94d1b40f0a.csv] cloves:18, cumin:44, oregano:1 → cumin (44 / 63) ❌ | [cumin.real.ce4fed0b0313.csv] cloves:44, cumin:19, oregano:0 → cloves (44 / 63) ❌ | [cumin.24c868eadb47.csv] cloves:0, cumin:17, oregano:1 → cumin (17 / 18) ✅ | [cloves.1b9dd5b1eab8.csv] cloves:14, cumin:4, oregano:0 → cloves (14 / 18) ✅ | [cloves.real.64c1deab910f.csv] cloves:2, cumin:34, oregano:0 → cumin (34 / 36) ❌",0.05,0.0,0.0
medium_overlap,30,15,"[0, 1, 2, 3, 4, 5, 7, 8, 9, 10, 11]",None,99.33,100.0,98.68,99.33,64.91,100.0,0.0,97.14,"[cumin.real.9511a582c32f.csv] cloves:84, cumin:44, oregano:0 → cloves (84 / 128) ❌ | [cloves.real.8f94d1b40f0a.csv] cloves:128, cumin:0, oregano:0 → cloves (128 / 128) ✅ | [cumin.real.ce4fed0b0313.csv] cloves:127, cumin:0, oregano:1 → cloves (127 / 128) ❌ | [cumin.24c868eadb47.csv] cloves:39, cumin:0, oregano:0 → cloves (39 / 39) ❌ | [cloves.1b9dd5b1eab8.csv] cloves:39, cumin:0, oregano:0 → cloves (39 / 39) ✅ | [cloves.real.64c1deab910f.csv] cloves:65, cumin:10, oregano:0 → cloves (65 / 75) ✅",0.036,34.42,34.42
short_overlap,10,5,"[0, 1, 2, 3, 4, 5, 7, 8, 9, 10, 11]",None,99.65,100.0,99.39,99.57,66.0,100.0,0.0,100.0,"[cumin.real.9511a582c32f.csv] cloves:388, cumin:0, oregano:0 → cloves (388 / 388) ❌ | [cloves.real.8f94d1b40f0a.csv] cloves:388, cumin:0, oregano:0 → cloves (388 / 388) ✅ | [cumin.real.ce4fed0b0313.csv] cloves:329, cumin:0, oregano:59 → cloves (329 / 388) ❌ | [cumin.24c868eadb47.csv] cloves:120, cumin:0, oregano:0 → cloves (120 / 120) ❌ | [cloves.1b9dd5b1eab8.csv] cloves:120, cumin:0, oregano:0 → cloves (120 / 120) ✅ | [cloves.real.64c1deab910f.csv] cloves:229, cumin:0, oregano:0 → cloves (229 / 229) ✅",0.025,33.65,33.65
long_overlap,60,30,"[0, 1, 2, 3, 4, 5, 7, 8, 9, 10, 11]","['standard_scaler', 'diff_data_like', 'highpass_fft_batch']",99.48,98.31,100.0,100.0,92.31,88.89,100.0,87.5,"[cumin.real.9511a582c32f.csv] cloves:25, cumin:38, oregano:0 → cumin (38 / 63) ✅ | [cloves.real.8f94d1b40f0a.csv] cloves:20, cumin:43, oregano:0 → cumin (43 / 63) ❌ | [cumin.real.ce4fed0b0313.csv] cloves:63, cumin:0, oregano:0 → cloves (63 / 63) ❌ | [cumin.24c868eadb47.csv] cloves:0, cumin:18, oregano:0 → cumin (18 / 18) ✅ | [cloves.1b9dd5b1eab8.csv] cloves:17, cumin:0, oregano:1 → cloves (17 / 18) ✅ | [cloves.real.64c1deab910f.csv] cloves:10, cumin:26, oregano:0 → cumin (26 / 36) ❌",0.024,7.17,7.17
no_overlap_short,20,20,"[0, 1, 2, 3, 4, 5, 7, 8, 9, 10, 11]","['standard_scaler', 'diff_data_like']",100.0,100.0,100.0,100.0,80.72,96.55,100.0,42.31,"[cumin.real.9511a582c32f.csv] cloves:24, cumin:72, oregano:0 → cumin (72 / 96) ✅ | [cloves.real.8f94d1b40f0a.csv] cloves:28, cumin:65, oregano:3 → cumin (65 / 96) ❌ | [cumin.real.ce4fed0b0313.csv] cloves:83, cumin:13, oregano:0 → cloves (83 / 96) ❌ | [cumin.24c868eadb47.csv] cloves:0, cumin:28, oregano:1 → cumin (28 / 29) ✅ | [cloves.1b9dd5b1eab8.csv] cloves:25, cumin:4, oregano:0 → cloves (25 / 29) ✅ | [cloves.real.64c1deab910f.csv] cloves:6, cumin:50, oregano:0 → cumin (50 / 56) ❌",0.024,19.28,19.28
long_overlap,60,30,"[0, 1, 2, 3, 4, 5, 7, 8, 9, 10, 11]",None,92.41,98.67,87.5,90.91,65.45,100.0,0.0,100.0,"[cumin.real.9511a582c32f.csv] cloves:63, cumin:0, oregano:0 → cloves (63 / 63) ❌ | [cloves.real.8f94d1b40f0a.csv] cloves:63, cumin:0, oregano:0 → cloves (63 / 63) ✅ | [cumin.real.ce4fed0b0313.csv] cloves:54, cumin:9, oregano:0 → cloves (54 / 63) ❌ | [cumin.24c868eadb47.csv] cloves:19, cumin:0, oregano:0 → cloves (19 / 19) ❌ | [cloves.1b9dd5b1eab8.csv] cloves:19, cumin:0, oregano:0 → cloves (19 / 19) ✅ | [cloves.real.64c1deab910f.csv] cloves:37, cumin:0, oregano:0 → cloves (37 / 37) ✅",0.024,26.96,26.96
short_overlap,10,5,"[0, 1, 2, 3, 4, 5]",None,99.31,100.0,99.39,98.48,95.71,100.0,87.39,100.0,"[cumin.real.9511a582c32f.csv] cloves:388, cumin:0, oregano:0 → cloves (388 / 388) ❌ | [cloves.real.8f94d1b40f0a.csv] cloves:388, cumin:0, oregano:0 → cloves (388 / 388) ✅ | [cumin.real.ce4fed0b0313.csv] cloves:338, cumin:0, oregano:50 → cloves (338 / 388) ❌ | [cumin.24c868eadb47.csv] cloves:120, cumin:0, oregano:0 → cloves (120 / 120) ❌ | [cloves.1b9dd5b1eab8.csv] cloves:120, cumin:0, oregano:0 → cloves (120 / 120) ✅ | [cloves.real.64c1deab910f.csv] cloves:229, cumin:0, oregano:0 → cloves (229 / 229) ✅",0.021,3.6,3.6
no_overlap_short,20,20,"[0, 1, 2, 3, 4, 5, 7, 8, 9, 10, 11]","['standard_scaler', 'diff_data_like', 'highpass_fft_batch']",99.69,100.0,99.11,100.0,79.52,55.17,92.86,92.31,"[cumin.real.9511a582c32f.csv] cloves:67, cumin:20, oregano:9 → cloves (67 / 96) ❌ | [cloves.real.8f94d1b40f0a.csv] cloves:65, cumin:26, oregano:5 → cloves (65 / 96) ✅ | [cumin.real.ce4fed0b0313.csv] cloves:96, cumin:0, oregano:0 → cloves (96 / 96) ❌ | [cumin.24c868eadb47.csv] cloves:0, cumin:28, oregano:1 → cumin (28 / 29) ✅ | [cloves.1b9dd5b1eab8.csv] cloves:25, cumin:0, oregano:4 → cloves (25 / 29) ✅ | [cloves.real.64c1deab910f.csv] cloves:16, cumin:40, oregano:0 → cumin (40 / 56) ❌",0.015,20.17,20.17
medium_overlap,30,15,"[0, 1, 2, 3, 4, 5, 7, 8, 9, 10, 11]","['diff_data_like', 'highpass_fft_batch']",98.88,100.0,98.71,97.84,95.41,94.74,100.0,91.18,"[cumin.real.9511a582c32f.csv] cloves:74, cumin:53, oregano:0 → cloves (74 / 127) ❌ | [cloves.real.8f94d1b40f0a.csv] cloves:87, cumin:40, oregano:0 → cloves (87 / 127) ✅ | [cumin.real.ce4fed0b0313.csv] cloves:127, cumin:0, oregano:0 → cloves (127 / 127) ❌ | [cumin.24c868eadb47.csv] cloves:0, cumin:37, oregano:0 → cumin (37 / 37) ✅ | [cloves.1b9dd5b1eab8.csv] cloves:32, cumin:2, oregano:3 → cloves (32 / 37) ✅ | [cloves.real.64c1deab910f.csv] cloves:7, cumin:67, oregano:0 → cumin (67 / 74) ❌",0.01,3.47,3.47
no_overlap_long,100,100,"[0, 1, 2, 3, 4, 5]",None,68.75,33.33,84.62,88.24,70.59,16.67,100.0,100.0,"[cumin.real.9511a582c32f.csv] cloves:19, cumin:0, oregano:0 → cloves (19 / 19) ❌ | [cloves.real.8f94d1b40f0a.csv] cloves:19, cumin:0, oregano:0 → cloves (19 / 19) ✅ | [cumin.real.ce4fed0b0313.csv] cloves:18, cumin:0, oregano:1 → cloves (18 / 19) ❌ | [cumin.24c868eadb47.csv] cloves:6, cumin:0, oregano:0 → cloves (6 / 6) ❌ | [cloves.1b9dd5b1eab8.csv] cloves:6, cumin:0, oregano:0 → cloves (6 / 6) ✅ | [cloves.real.64c1deab910f.csv] cloves:11, cumin:0, oregano:0 → cloves (11 / 11) ✅",0.009,-1.84,1.84
long_overlap,60,30,"[0, 1, 2, 3, 4, 5]",['standard_scaler'],98.66,100.0,95.83,100.0,54.55,100.0,42.11,17.65,"[cumin.real.9511a582c32f.csv] cloves:63, cumin:0, oregano:0 → cloves (63 / 63) ❌ | [cloves.real.8f94d1b40f0a.csv] cloves:63, cumin:0, oregano:0 → cloves (63 / 63) ✅ | [cumin.real.ce4fed0b0313.csv] cloves:60, cumin:0, oregano:3 → cloves (60 / 63) ❌ | [cumin.24c868eadb47.csv] cloves:19, cumin:0, oregano:0 → cloves (19 / 19) ❌ | [cloves.1b9dd5b1eab8.csv] cloves:19, cumin:0, oregano:0 → cloves (19 / 19) ✅ | [cloves.real.64c1deab910f.csv] cloves:37, cumin:0, oregano:0 → cloves (37 / 37) ✅",0.008,44.11,44.11
no_overlap_long,100,100,"[0, 1, 2, 3, 4, 5]",['standard_scaler'],87.5,80.0,84.0,100.0,94.12,100.0,83.33,100.0,"[cumin.real.9511a582c32f.csv] cloves:19, cumin:0, oregano:0 → cloves (19 / 19) ❌ | [cloves.real.8f94d1b40f0a.csv] cloves:19, cumin:0, oregano:0 → cloves (19 / 19) ✅ | [cumin.real.ce4fed0b0313.csv] cloves:19, cumin:0, oregano:0 → cloves (19 / 19) ❌ | [cumin.24c868eadb47.csv] cloves:6, cumin:0, oregano:0 → cloves (6 / 6) ❌ | [cloves.1b9dd5b1eab8.csv] cloves:6, cumin:0, oregano:0 → cloves (6 / 6) ✅ | [cloves.real.64c1deab910f.csv] cloves:11, cumin:0, oregano:0 → cloves (11 / 11) ✅",0.0,-6.62,6.62
no_overlap_long,100,100,"[0, 1, 2, 3, 4, 5, 7, 8, 9, 10, 11]",['standard_scaler'],89.06,86.36,82.61,100.0,100.0,100.0,100.0,100.0,"[cumin.real.9511a582c32f.csv] cloves:19, cumin:0, oregano:0 → cloves (19 / 19) ❌ | [cloves.real.8f94d1b40f0a.csv] cloves:19, cumin:0, oregano:0 → cloves (19 / 19) ✅ | [cumin.real.ce4fed0b0313.csv] cloves:19, cumin:0, oregano:0 → cloves (19 / 19) ❌ | [cumin.24c868eadb47.csv] cloves:6, cumin:0, oregano:0 → cloves (6 / 6) ❌ | [cloves.1b9dd5b1eab8.csv] cloves:6, cumin:0, oregano:0 → cloves (6 / 6) ✅ | [cloves.real.64c1deab910f.csv] cloves:11, cumin:0, oregano:0 → cloves (11 / 11) ✅",0.0,-10.94,10.94
no_overlap_short,20,20,"[0, 1, 2, 3, 4, 5]",None,91.76,100.0,84.68,90.91,65.52,100.0,0.0,100.0,"[cumin.real.9511a582c32f.csv] cloves:97, cumin:0, oregano:0 → cloves (97 / 97) ❌ | [cloves.real.8f94d1b40f0a.csv] cloves:97, cumin:0, oregano:0 → cloves (97 / 97) ✅ | [cumin.real.ce4fed0b0313.csv] cloves:97, cumin:0, oregano:0 → cloves (97 / 97) ❌ | [cumin.24c868eadb47.csv] cloves:30, cumin:0, oregano:0 → cloves (30 / 30) ❌ | [cloves.1b9dd5b1eab8.csv] cloves:30, cumin:0, oregano:0 → cloves (30 / 30) ✅ | [cloves.real.64c1deab910f.csv] cloves:57, cumin:0, oregano:0 → cloves (57 / 57) ✅",0.0,26.24,26.24
long_overlap,60,30,"[0, 1, 2, 3, 4, 5]",None,92.41,100.0,87.67,89.61,65.45,100.0,0.0,100.0,"[cumin.real.9511a582c32f.csv] cloves:63, cumin:0, oregano:0 → cloves (63 / 63) ❌ | [cloves.real.8f94d1b40f0a.csv] cloves:63, cumin:0, oregano:0 → cloves (63 / 63) ✅ | [cumin.real.ce4fed0b0313.csv] cloves:63, cumin:0, oregano:0 → cloves (63 / 63) ❌ | [cumin.24c868eadb47.csv] cloves:19, cumin:0, oregano:0 → cloves (19 / 19) ❌ | [cloves.1b9dd5b1eab8.csv] cloves:19, cumin:0, oregano:0 → cloves (19 / 19) ✅ | [cloves.real.64c1deab910f.csv] cloves:37, cumin:0, oregano:0 → cloves (37 / 37) ✅",0.0,26.96,26.96
medium_overlap,30,15,"[0, 1, 2, 3, 4, 5]",None,92.86,100.0,84.87,93.96,65.79,100.0,0.0,100.0,"[cumin.real.9511a582c32f.csv] cloves:128, cumin:0, oregano:0 → cloves (128 / 128) ❌ | [cloves.real.8f94d1b40f0a.csv] cloves:128, cumin:0, oregano:0 → cloves (128 / 128) ✅ | [cumin.real.ce4fed0b0313.csv] cloves:128, cumin:0, oregano:0 → cloves (128 / 128) ❌ | [cumin.24c868eadb47.csv] cloves:39, cumin:0, oregano:0 → cloves (39 / 39) ❌ | [cloves.1b9dd5b1eab8.csv] cloves:39, cumin:0, oregano:0 → cloves (39 / 39) ✅ | [cloves.real.64c1deab910f.csv] cloves:75, cumin:0, oregano:0 → cloves (75 / 75) ✅",0.0,27.07,27.07
no_overlap_short,20,20,"[0, 1, 2, 3, 4, 5, 7, 8, 9, 10, 11]",None,92.61,100.0,87.9,90.18,65.52,100.0,0.0,100.0,"[cumin.real.9511a582c32f.csv] cloves:97, cumin:0, oregano:0 → cloves (97 / 97) ❌ | [cloves.real.8f94d1b40f0a.csv] cloves:97, cumin:0, oregano:0 → cloves (97 / 97) ✅ | [cumin.real.ce4fed0b0313.csv] cloves:97, cumin:0, oregano:0 → cloves (97 / 97) ❌ | [cumin.24c868eadb47.csv] cloves:30, cumin:0, oregano:0 → cloves (30 / 30) ❌ | [cloves.1b9dd5b1eab8.csv] cloves:30, cumin:0, oregano:0 → cloves (30 / 30) ✅ | [cloves.real.64c1deab910f.csv] cloves:57, cumin:0, oregano:0 → cloves (57 / 57) ✅",0.0,27.09,27.09
medium_overlap,30,15,"[0, 1, 2, 3, 4, 5]",['highpass_fft_batch'],94.42,92.41,96.75,93.96,70.18,77.5,97.44,31.43,"[cumin.real.9511a582c32f.csv] cloves:1, cumin:69, oregano:58 → cumin (69 / 128) ✅ | [cloves.real.8f94d1b40f0a.csv] cloves:40, cumin:27, oregano:61 → oregano (61 / 128) ❌ | [cumin.real.ce4fed0b0313.csv] cloves:128, cumin:0, oregano:0 → cloves (128 / 128) ❌ | [cumin.24c868eadb47.csv] cloves:0, cumin:39, oregano:0 → cumin (39 / 39) ✅ | [cloves.1b9dd5b1eab8.csv] cloves:21, cumin:1, oregano:17 → cloves (21 / 39) ✅ | [cloves.real.64c1deab910f.csv] cloves:2, cumin:27, oregano:46 → oregano (46 / 75) ❌",-0.002,24.24,24.24
medium_overlap,30,15,"[0, 1, 2, 3, 4, 5, 7, 8, 9, 10, 11]","['standard_scaler', 'diff_data_like', 'highpass_fft_batch']",100.0,100.0,100.0,100.0,96.33,97.37,100.0,91.18,"[cumin.real.9511a582c32f.csv] cloves:5, cumin:122, oregano:0 → cumin (122 / 127) ✅ | [cloves.real.8f94d1b40f0a.csv] cloves:1, cumin:126, oregano:0 → cumin (126 / 127) ❌ | [cumin.real.ce4fed0b0313.csv] cloves:127, cumin:0, oregano:0 → cloves (127 / 127) ❌ | [cumin.24c868eadb47.csv] cloves:0, cumin:37, oregano:0 → cumin (37 / 37) ✅ | [cloves.1b9dd5b1eab8.csv] cloves:37, cumin:0, oregano:0 → cloves (37 / 37) ✅ | [cloves.real.64c1deab910f.csv] cloves:0, cumin:74, oregano:0 → cumin (74 / 74) ❌",-0.005,3.67,3.67
short_overlap,10,5,"[0, 1, 2, 3, 4, 5]","['standard_scaler', 'diff_data_like']",98.04,99.14,99.14,95.77,76.12,95.73,96.49,31.73,"[cumin.real.9511a582c32f.csv] cloves:40, cumin:343, oregano:0 → cumin (343 / 383) ✅ | [cloves.real.8f94d1b40f0a.csv] cloves:97, cumin:282, oregano:4 → cumin (282 / 383) ❌ | [cumin.real.ce4fed0b0313.csv] cloves:365, cumin:18, oregano:0 → cloves (365 / 383) ❌ | [cumin.24c868eadb47.csv] cloves:0, cumin:115, oregano:0 → cumin (115 / 115) ✅ | [cloves.1b9dd5b1eab8.csv] cloves:76, cumin:19, oregano:20 → cloves (76 / 115) ✅ | [cloves.real.64c1deab910f.csv] cloves:18, cumin:206, oregano:0 → cumin (206 / 224) ❌",-0.009,21.92,21.92
no_overlap_short,20,20,"[0, 1, 2, 3, 4, 5, 7, 8, 9, 10, 11]","['standard_scaler', 'highpass_fft_batch']",99.72,100.0,99.19,100.0,94.25,96.67,96.67,88.89,"[cumin.real.9511a582c32f.csv] cloves:1, cumin:96, oregano:0 → cumin (96 / 97) ✅ | [cloves.real.8f94d1b40f0a.csv] cloves:0, cumin:97, oregano:0 → cumin (97 / 97) ❌ | [cumin.real.ce4fed0b0313.csv] cloves:96, cumin:1, oregano:0 → cloves (96 / 97) ❌ | [cumin.24c868eadb47.csv] cloves:0, cumin:30, oregano:0 → cumin (30 / 30) ✅ | [cloves.1b9dd5b1eab8.csv] cloves:27, cumin:3, oregano:0 → cloves (27 / 30) ✅ | [cloves.real.64c1deab910f.csv] cloves:0, cumin:57, oregano:0 → cumin (57 / 57) ❌",-0.017,5.47,5.47
medium_overlap,30,15,"[0, 1, 2, 3, 4, 5, 7, 8, 9, 10, 11]","['standard_scaler', 'highpass_fft_batch']",100.0,100.0,100.0,100.0,89.47,100.0,100.0,65.71,"[cumin.real.9511a582c32f.csv] cloves:4, cumin:124, oregano:0 → cumin (124 / 128) ✅ | [cloves.real.8f94d1b40f0a.csv] cloves:9, cumin:119, oregano:0 → cumin (119 / 128) ❌ | [cumin.real.ce4fed0b0313.csv] cloves:125, cumin:3, oregano:0 → cloves (125 / 128) ❌ | [cumin.24c868eadb47.csv] cloves:0, cumin:39, oregano:0 → cumin (39 / 39) ✅ | [cloves.1b9dd5b1eab8.csv] cloves:31, cumin:8, oregano:0 → cloves (31 / 39) ✅ | [cloves.real.64c1deab910f.csv] cloves:2, cumin:73, oregano:0 → cumin (73 / 75) ❌",-0.019,10.53,10.53
long_overlap,60,30,"[0, 1, 2, 3, 4, 5]","['standard_scaler', 'diff_data_like']",98.44,96.88,100.0,98.41,98.08,94.44,100.0,100.0,"[cumin.real.9511a582c32f.csv] cloves:23, cumin:40, oregano:0 → cumin (40 / 63) ✅ | [cloves.real.8f94d1b40f0a.csv] cloves:30, cumin:32, oregano:1 → cumin (32 / 63) ❌ | [cumin.real.ce4fed0b0313.csv] cloves:63, cumin:0, oregano:0 → cloves (63 / 63) ❌ | [cumin.24c868eadb47.csv] cloves:0, cumin:18, oregano:0 → cumin (18 / 18) ✅ | [cloves.1b9dd5b1eab8.csv] cloves:9, cumin:0, oregano:9 → cloves (9 / 18) ✅ | [cloves.real.64c1deab910f.csv] cloves:9, cumin:27, oregano:0 → cumin (27 / 36) ❌",-0.021,0.36,0.36
no_overlap_long,100,100,"[0, 1, 2, 3, 4, 5, 7, 8, 9, 10, 11]",None,90.62,100.0,85.0,85.71,64.71,100.0,0.0,100.0,"[cumin.real.9511a582c32f.csv] cloves:19, cumin:0, oregano:0 → cloves (19 / 19) ❌ | [cloves.real.8f94d1b40f0a.csv] cloves:19, cumin:0, oregano:0 → cloves (19 / 19) ✅ | [cumin.real.ce4fed0b0313.csv] cloves:19, cumin:0, oregano:0 → cloves (19 / 19) ❌ | [cumin.24c868eadb47.csv] cloves:6, cumin:0, oregano:0 → cloves (6 / 6) ❌ | [cloves.1b9dd5b1eab8.csv] cloves:6, cumin:0, oregano:0 → cloves (6 / 6) ✅ | [cloves.real.64c1deab910f.csv] cloves:9, cumin:2, oregano:0 → cloves (9 / 11) ✅",-0.03,25.91,25.91
long_overlap,60,30,"[0, 1, 2, 3, 4, 5]","['standard_scaler', 'highpass_fft_batch']",92.86,98.67,94.44,85.71,80.0,84.21,100.0,52.94,"[cumin.real.9511a582c32f.csv] cloves:25, cumin:38, oregano:0 → cumin (38 / 63) ✅ | [cloves.real.8f94d1b40f0a.csv] cloves:51, cumin:12, oregano:0 → cloves (51 / 63) ✅ | [cumin.real.ce4fed0b0313.csv] cloves:63, cumin:0, oregano:0 → cloves (63 / 63) ❌ | [cumin.24c868eadb47.csv] cloves:0, cumin:19, oregano:0 → cumin (19 / 19) ✅ | [cloves.1b9dd5b1eab8.csv] cloves:0, cumin:2, oregano:17 → oregano (17 / 19) ❌ | [cloves.real.64c1deab910f.csv] cloves:9, cumin:26, oregano:2 → cumin (26 / 37) ❌",-0.031,12.86,12.86
no_overlap_long,100,100,"[0, 1, 2, 3, 4, 5, 7, 8, 9, 10, 11]","['diff_data_like', 'highpass_fft_batch']",53.12,0.0,60.0,100.0,66.67,0.0,100.0,100.0,"[cumin.real.9511a582c32f.csv] cloves:0, cumin:19, oregano:0 → cumin (19 / 19) ✅ | [cloves.real.8f94d1b40f0a.csv] cloves:0, cumin:19, oregano:0 → cumin (19 / 19) ❌ | [cumin.real.ce4fed0b0313.csv] cloves:0, cumin:19, oregano:0 → cumin (19 / 19) ✅ | [cumin.24c868eadb47.csv] cloves:0, cumin:4, oregano:1 → cumin (4 / 5) ✅ | [cloves.1b9dd5b1eab8.csv] cloves:0, cumin:0, oregano:5 → oregano (5 / 5) ❌ | [cloves.real.64c1deab910f.csv] cloves:0, cumin:11, oregano:0 → cumin (11 / 11) ❌",-0.033,-13.55,13.55
no_overlap_long,100,100,"[0, 1, 2, 3, 4, 5, 7, 8, 9, 10, 11]","['standard_scaler', 'highpass_fft_batch']",62.5,78.26,100.0,0.0,64.71,83.33,100.0,0.0,"[cumin.real.9511a582c32f.csv] cloves:0, cumin:19, oregano:0 → cumin (19 / 19) ✅ | [cloves.real.8f94d1b40f0a.csv] cloves:0, cumin:19, oregano:0 → cumin (19 / 19) ❌ | [cumin.real.ce4fed0b0313.csv] cloves:19, cumin:0, oregano:0 → cloves (19 / 19) ❌ | [cumin.24c868eadb47.csv] cloves:0, cumin:6, oregano:0 → cumin (6 / 6) ✅ | [cloves.1b9dd5b1eab8.csv] cloves:4, cumin:2, oregano:0 → cloves (4 / 6) ✅ | [cloves.real.64c1deab910f.csv] cloves:0, cumin:11, oregano:0 → cumin (11 / 11) ❌",-0.056,-2.21,2.21
no_overlap_short,20,20,"[0, 1, 2, 3, 4, 5]","['standard_scaler', 'highpass_fft_batch']",95.74,99.15,95.97,91.82,83.91,96.67,96.67,55.56,"[cumin.real.9511a582c32f.csv] cloves:0, cumin:39, oregano:58 → oregano (58 / 97) ❌ | [cloves.real.8f94d1b40f0a.csv] cloves:22, cumin:24, oregano:51 → oregano (51 / 97) ❌ | [cumin.real.ce4fed0b0313.csv] cloves:1, cumin:96, oregano:0 → cumin (96 / 97) ✅ | [cumin.24c868eadb47.csv] cloves:0, cumin:30, oregano:0 → cumin (30 / 30) ✅ | [cloves.1b9dd5b1eab8.csv] cloves:6, cumin:4, oregano:20 → oregano (20 / 30) ❌ | [cloves.real.64c1deab910f.csv] cloves:4, cumin:42, oregano:11 → cumin (42 / 57) ❌",-0.09,11.83,11.83
no_overlap_long,100,100,"[0, 1, 2, 3, 4, 5]","['standard_scaler', 'diff_data_like']",62.5,0.0,80.0,100.0,66.67,0.0,100.0,100.0,"[cumin.real.9511a582c32f.csv] cloves:0, cumin:11, oregano:8 → cumin (11 / 19) ✅ | [cloves.real.8f94d1b40f0a.csv] cloves:0, cumin:6, oregano:13 → oregano (13 / 19) ❌ | [cumin.real.ce4fed0b0313.csv] cloves:0, cumin:9, oregano:10 → oregano (10 / 19) ❌ | [cumin.24c868eadb47.csv] cloves:0, cumin:4, oregano:1 → cumin (4 / 5) ✅ | [cloves.1b9dd5b1eab8.csv] cloves:1, cumin:1, oregano:3 → oregano (3 / 5) ❌ | [cloves.real.64c1deab910f.csv] cloves:0, cumin:7, oregano:4 → cumin (7 / 11) ❌",-0.178,-4.17,4.17
medium_overlap,30,15,"[0, 1, 2, 3, 4, 5]","['standard_scaler', 'diff_data_like', 'highpass_fft_batch']",95.54,97.4,97.42,91.37,88.99,86.84,97.3,82.35,"[cumin.real.9511a582c32f.csv] cloves:62, cumin:60, oregano:5 → cloves (62 / 127) ❌ | [cloves.real.8f94d1b40f0a.csv] cloves:64, cumin:62, oregano:1 → cloves (64 / 127) ✅ | [cumin.real.ce4fed0b0313.csv] cloves:89, cumin:38, oregano:0 → cloves (89 / 127) ❌ | [cumin.24c868eadb47.csv] cloves:0, cumin:37, oregano:0 → cumin (37 / 37) ✅ | [cloves.1b9dd5b1eab8.csv] cloves:15, cumin:2, oregano:20 → oregano (20 / 37) ❌ | [cloves.real.64c1deab910f.csv] cloves:0, cumin:73, oregano:1 → cumin (73 / 74) ❌",-0.202,6.55,6.55
no_overlap_long,100,100,"[0, 1, 2, 3, 4, 5, 7, 8, 9, 10, 11]","['standard_scaler', 'diff_data_like', 'highpass_fft_batch']",40.62,0.0,20.0,100.0,46.67,0.0,40.0,100.0,"[cumin.real.9511a582c32f.csv] cloves:0, cumin:19, oregano:0 → cumin (19 / 19) ✅ | [cloves.real.8f94d1b40f0a.csv] cloves:0, cumin:19, oregano:0 → cumin (19 / 19) ❌ | [cumin.real.ce4fed0b0313.csv] cloves:0, cumin:19, oregano:0 → cumin (19 / 19) ✅ | [cumin.24c868eadb47.csv] cloves:0, cumin:0, oregano:5 → oregano (5 / 5) ❌ | [cloves.1b9dd5b1eab8.csv] cloves:0, cumin:0, oregano:5 → oregano (5 / 5) ❌ | [cloves.real.64c1deab910f.csv] cloves:0, cumin:11, oregano:0 → cumin (11 / 11) ❌",-0.333,-6.05,6.05
no_overlap_long,100,100,"[0, 1, 2, 3, 4, 5]","['diff_data_like', 'highpass_fft_batch']",37.5,0.0,20.0,100.0,40.0,0.0,20.0,100.0,"[cumin.real.9511a582c32f.csv] cloves:0, cumin:0, oregano:19 → oregano (19 / 19) ❌ | [cloves.real.8f94d1b40f0a.csv] cloves:0, cumin:0, oregano:19 → oregano (19 / 19) ❌ | [cumin.real.ce4fed0b0313.csv] cloves:0, cumin:19, oregano:0 → cumin (19 / 19) ✅ | [cumin.24c868eadb47.csv] cloves:0, cumin:3, oregano:2 → cumin (3 / 5) ✅ | [cloves.1b9dd5b1eab8.csv] cloves:0, cumin:0, oregano:5 → oregano (5 / 5) ❌ | [cloves.real.64c1deab910f.csv] cloves:0, cumin:0, oregano:11 → oregano (11 / 11) ❌",-0.4,-2.5,2.5
no_overlap_long,100,100,"[0, 1, 2, 3, 4, 5]","['standard_scaler', 'diff_data_like', 'highpass_fft_batch']",31.25,0.0,0.0,100.0,33.33,0.0,0.0,100.0,"[cumin.real.9511a582c32f.csv] cloves:0, cumin:0, oregano:19 → oregano (19 / 19) ❌ | [cloves.real.8f94d1b40f0a.csv] cloves:0, cumin:0, oregano:19 → oregano (19 / 19) ❌ | [cumin.real.ce4fed0b0313.csv] cloves:0, cumin:18, oregano:1 → cumin (18 / 19) ✅ | [cumin.24c868eadb47.csv] cloves:0, cumin:0, oregano:5 → oregano (5 / 5) ❌ | [cloves.1b9dd5b1eab8.csv] cloves:0, cumin:0, oregano:5 → oregano (5 / 5) ❌ | [cloves.real.64c1deab910f.csv] cloves:0, cumin:0, oregano:11 → oregano (11 / 11) ❌",-0.675,-2.08,2.08
no_overlap_short,20,20,"[0, 1, 2, 3, 4, 5, 7, 8, 9, 10, 11]",['standard_scaler'],99.72,100.0,100.0,99.08,75.86,100.0,30.0,100.0,"[cumin.real.9511a582c32f.csv] cloves:0, cumin:0, oregano:97 → oregano (97 / 97) ❌ | [cloves.real.8f94d1b40f0a.csv] cloves:0, cumin:0, oregano:97 → oregano (97 / 97) ❌ | [cumin.real.ce4fed0b0313.csv] cloves:0, cumin:0, oregano:97 → oregano (97 / 97) ❌ | [cumin.24c868eadb47.csv] cloves:0, cumin:0, oregano:30 → oregano (30 / 30) ❌ | [cloves.1b9dd5b1eab8.csv] cloves:0, cumin:0, oregano:30 → oregano (30 / 30) ❌ | [cloves.real.64c1deab910f.csv] cloves:0, cumin:0, oregano:57 → oregano (57 / 57) ❌",-1.0,23.86,23.86
long_overlap,60,30,"[0, 1, 2, 3, 4, 5, 7, 8, 9, 10, 11]",['standard_scaler'],100.0,100.0,100.0,100.0,69.09,100.0,10.53,100.0,"[cumin.real.9511a582c32f.csv] cloves:0, cumin:0, oregano:63 → oregano (63 / 63) ❌ | [cloves.real.8f94d1b40f0a.csv] cloves:0, cumin:0, oregano:63 → oregano (63 / 63) ❌ | [cumin.real.ce4fed0b0313.csv] cloves:0, cumin:0, oregano:63 → oregano (63 / 63) ❌ | [cumin.24c868eadb47.csv] cloves:0, cumin:0, oregano:19 → oregano (19 / 19) ❌ | [cloves.1b9dd5b1eab8.csv] cloves:0, cumin:0, oregano:19 → oregano (19 / 19) ❌ | [cloves.real.64c1deab910f.csv] cloves:0, cumin:0, oregano:37 → oregano (37 / 37) ❌",-1.0,30.91,30.91
short_overlap,10,5,"[0, 1, 2, 3, 4, 5, 7, 8, 9, 10, 11]",['standard_scaler'],99.86,99.59,100.0,100.0,66.57,100.0,9.24,91.74,"[cumin.real.9511a582c32f.csv] cloves:0, cumin:0, oregano:388 → oregano (388 / 388) ❌ | [cloves.real.8f94d1b40f0a.csv] cloves:0, cumin:0, oregano:388 → oregano (388 / 388) ❌ | [cumin.real.ce4fed0b0313.csv] cloves:0, cumin:0, oregano:388 → oregano (388 / 388) ❌ | [cumin.24c868eadb47.csv] cloves:0, cumin:0, oregano:120 → oregano (120 / 120) ❌ | [cloves.1b9dd5b1eab8.csv] cloves:0, cumin:0, oregano:120 → oregano (120 / 120) ❌ | [cloves.real.64c1deab910f.csv] cloves:0, cumin:0, oregano:229 → oregano (229 / 229) ❌",-1.0,33.29,33.29
medium_overlap,30,15,"[0, 1, 2, 3, 4, 5, 7, 8, 9, 10, 11]",['standard_scaler'],100.0,100.0,100.0,100.0,43.86,100.0,0.0,28.57,"[cumin.real.9511a582c32f.csv] cloves:0, cumin:0, oregano:128 → oregano (128 / 128) ❌ | [cloves.real.8f94d1b40f0a.csv] cloves:0, cumin:0, oregano:128 → oregano (128 / 128) ❌ | [cumin.real.ce4fed0b0313.csv] cloves:0, cumin:0, oregano:128 → oregano (128 / 128) ❌ | [cumin.24c868eadb47.csv] cloves:0, cumin:0, oregano:39 → oregano (39 / 39) ❌ | [cloves.1b9dd5b1eab8.csv] cloves:0, cumin:0, oregano:39 → oregano (39 / 39) ❌ | [cloves.real.64c1deab910f.csv] cloves:0, cumin:0, oregano:75 → oregano (75 / 75) ❌",-1.0,56.14,56.14
